customerID,gender,SeniorCitizen,tenure,PhoneService,InternetService,MonthlyCharges,TotalCharges,Churn
CUST00001,Female,0,68,Yes,DSL,74.5,5474.47,No
CUST00002,Female,0,5,Yes,DSL,81.46,450.97,No
CUST00003,Female,0,52,Yes,Fiber optic,58.37,2744.83,Yes
CUST00004,Female,0,3,Yes,Fiber optic,85.81,261.63,Yes
CUST00005,Male,0,9,No,Fiber optic,66.36,,No
CUST00006,Female,0,12,No,Fiber optic,62.09,811.79,Yes
CUST00007,Male,0,72,No,Fiber optic,20.13,982.06,No
CUST00008,Female,0,5,No,DSL,102.0,533.15,Yes
CUST00009,Male,1,3,Yes,Fiber optic,72.47,201.51,No
CUST00010,Female,1,12,Yes,DSL,26.52,376.37,No
CUST00011,Male,0,33,No,Fiber optic,65.58,1987.25,No
CUST00012,Female,0,45,No,No,69.62,3408.4,No
CUST00013,Female,0,60,Yes,DSL,65.96,3607.61,No
CUST00014,Male,0,56,Yes,DSL,49.93,2685.29,No
CUST00015,Female,0,65,Yes,Fiber optic,34.2,2054.59,No
CUST00016,Female,1,69,Yes,Fiber optic,43.33,2976.62,No
CUST00017,Female,0,6,Yes,Fiber optic,63.3,390.63,No
CUST00018,Female,0,46,No,DSL,49.87,2242.82,No
CUST00019,Female,0,12,Yes,Fiber optic,35.59,390.67,No
CUST00020,Male,0,29,No,Fiber optic,66.03,1711.78,Yes
CUST00021,Female,0,39,Yes,Fiber optic,61.36,2535.19,Yes
CUST00022,Female,0,53,Yes,No,34.92,2244.17,No
CUST00023,Female,1,12,Yes,Fiber optic,77.57,911.46,Yes
CUST00024,Male,0,59,No,Fiber optic,37.67,2181.14,Yes
CUST00025,Male,0,12,No,DSL,21.82,149.16,No
CUST00026,Female,1,12,No,DSL,44.93,533.07,No
CUST00027,Male,1,40,No,DSL,79.08,2915.39,No
CUST00028,Female,1,46,Yes,Fiber optic,50.77,2004.44,No
CUST00029,Male,0,71,Yes,Fiber optic,65.8,5117.27,Yes
CUST00030,Female,0,51,Yes,DSL,97.92,4866.17,No
CUST00031,Male,1,67,No,Fiber optic,37.81,3053.57,No
CUST00032,Female,0,8,No,No,78.94,,Yes
CUST00033,Male,0,4,Yes,No,99.19,419.78,Yes
CUST00034,Female,0,0,Yes,DSL,100.82,,No
CUST00035,Male,0,19,Yes,No,53.55,855.97,No
CUST00036,Male,0,50,Yes,Fiber optic,80.97,3825.2,Yes
CUST00037,Male,0,47,No,DSL,66.31,2721.61,No
CUST00038,Male,0,11,No,DSL,92.61,914.88,No
CUST00039,Male,1,9,Yes,DSL,91.59,770.2,Yes
CUST00040,Female,0,46,Yes,No,95.97,4793.41,No
CUST00041,Male,0,70,Yes,Fiber optic,97.94,6294.74,Yes
CUST00042,Male,0,40,Yes,Fiber optic,22.04,650.38,Yes
CUST00043,Male,0,48,No,DSL,74.86,3836.35,No
CUST00044,Male,1,42,No,DSL,30.06,1644.2,Yes
CUST00045,Male,1,34,Yes,Fiber optic,59.16,2295.52,No
CUST00046,Female,0,2,No,DSL,93.81,180.42,Yes
CUST00047,Male,0,5,No,No,80.92,397.2,Yes
CUST00048,Male,0,69,No,DSL,93.45,6891.15,No
CUST00049,Male,0,71,Yes,Fiber optic,89.05,6111.43,Yes
CUST00050,Male,0,6,No,DSL,78.6,454.1,Yes
CUST00051,Female,0,63,No,No,92.17,6271.87,No
CUST00052,Female,0,66,No,DSL,37.06,2734.7,No
CUST00053,Male,0,6,Yes,No,103.9,644.18,No
CUST00054,Female,0,5,Yes,DSL,86.51,414.01,No
CUST00055,Female,0,8,Yes,DSL,105.19,906.37,No
CUST00056,Female,0,69,No,DSL,64.61,4393.97,No
CUST00057,Female,0,30,No,Fiber optic,83.72,,Yes
CUST00058,Female,0,12,Yes,Fiber optic,86.24,932.69,Yes
CUST00059,Male,0,41,No,DSL,66.49,2567.43,No
CUST00060,Male,0,72,No,Fiber optic,32.43,1959.22,No
CUST00061,Male,1,6,Yes,DSL,102.19,579.76,No
CUST00062,Male,0,64,Yes,No,28.28,2403.88,No
CUST00063,Male,0,57,Yes,No,40.65,2238.35,No
CUST00064,Male,0,14,Yes,No,39.6,671.03,No
CUST00065,Female,0,2,Yes,Fiber optic,68.43,130.47,No
CUST00066,Male,0,72,No,Fiber optic,39.63,2336.21,No
CUST00067,Male,1,56,No,Fiber optic,27.01,,No
CUST00068,Female,1,3,No,Fiber optic,96.07,307.35,No
CUST00069,Female,0,57,No,Fiber optic,64.83,3839.05,No
CUST00070,Male,1,32,No,DSL,55.61,2005.47,No
CUST00071,Female,0,22,Yes,DSL,38.74,633.06,No
CUST00072,Male,0,67,Yes,DSL,75.13,4552.24,No
CUST00073,Female,0,3,Yes,No,109.13,354.04,Yes
CUST00074,Male,0,9,Yes,Fiber optic,71.91,642.82,Yes
CUST00075,Female,0,39,No,DSL,78.74,3387.9,No
CUST00076,Male,0,1,Yes,DSL,72.16,69.91,No
CUST00077,Male,0,0,Yes,No,83.47,,Yes
CUST00078,Female,0,27,No,Fiber optic,76.52,2068.03,No
CUST00079,Male,1,14,Yes,DSL,23.06,344.86,No
CUST00080,Female,0,35,Yes,No,94.52,3268.15,No
CUST00081,Female,0,9,Yes,DSL,84.9,737.59,Yes
CUST00082,Female,0,45,Yes,No,83.43,3936.85,No
CUST00083,Female,1,31,Yes,Fiber optic,80.59,2740.49,No
CUST00084,Female,0,44,Yes,Fiber optic,71.12,3118.8,No
CUST00085,Male,0,10,No,Fiber optic,109.15,1025.13,No
CUST00086,Female,0,72,Yes,DSL,59.62,4852.88,No
CUST00087,Female,0,14,Yes,Fiber optic,21.45,343.75,No
CUST00088,Female,0,68,Yes,Fiber optic,82.48,5356.33,Yes
CUST00089,Male,0,6,No,DSL,92.95,554.75,Yes
CUST00090,Female,1,12,Yes,Fiber optic,64.27,716.27,No
CUST00091,Female,0,35,Yes,No,44.43,1374.17,No
CUST00092,Female,0,64,No,Fiber optic,84.78,5274.76,Yes
CUST00093,Male,0,33,Yes,Fiber optic,49.83,1682.51,No
CUST00094,Female,0,2,Yes,No,94.68,192.79,No
CUST00095,Male,1,1,Yes,DSL,100.15,97.17,No
CUST00096,Female,0,2,Yes,No,108.26,234.21,Yes
CUST00097,Female,0,66,No,No,29.56,1357.79,No
CUST00098,Female,1,37,Yes,Fiber optic,81.17,3205.72,No
CUST00099,Female,0,2,No,No,105.93,212.05,Yes
CUST00100,Female,0,20,Yes,DSL,70.59,1302.93,No
CUST00101,Male,0,54,Yes,Fiber optic,50.83,2423.12,No
CUST00102,Female,1,48,No,Fiber optic,51.36,2101.33,Yes
CUST00103,Female,0,33,Yes,DSL,57.13,1818.81,No
CUST00104,Female,0,2,Yes,Fiber optic,79.12,141.25,No
CUST00105,Male,0,9,No,Fiber optic,90.11,822.36,Yes
CUST00106,Male,0,22,Yes,Fiber optic,95.22,1991.4,No
CUST00107,Male,0,48,Yes,Fiber optic,35.35,1696.97,No
CUST00108,Female,0,23,Yes,Fiber optic,89.48,1885.95,No
CUST00109,Female,0,62,Yes,No,64.73,3772.53,No
CUST00110,Female,0,54,Yes,No,52.26,2840.18,No
CUST00111,Female,1,8,No,DSL,82.82,690.1,Yes
CUST00112,Female,0,8,No,DSL,80.84,642.58,No
CUST00113,Male,0,8,Yes,No,72.92,539.58,Yes
CUST00114,Male,0,0,Yes,Fiber optic,71.06,,Yes
CUST00115,Female,1,67,No,DSL,72.31,4706.51,No
CUST00116,Male,0,9,No,No,100.84,825.76,No
CUST00117,Male,1,59,Yes,DSL,93.91,5035.34,No
CUST00118,Female,0,29,No,No,95.19,3045.31,No
CUST00119,Male,0,8,Yes,No,62.4,550.79,No
CUST00120,Female,0,66,Yes,DSL,45.18,3463.75,No
CUST00121,Female,1,24,No,DSL,65.32,1657.96,Yes
CUST00122,Female,0,6,No,No,97.3,597.26,No
CUST00123,Female,0,55,Yes,No,53.12,2574.7,No
CUST00124,Male,1,36,No,DSL,30.87,833.24,No
CUST00125,Female,0,12,No,DSL,98.99,1241.19,No
CUST00126,Female,1,33,No,Fiber optic,94.55,3120.13,No
CUST00127,Female,0,8,Yes,DSL,106.7,,Yes
CUST00128,Male,0,1,No,DSL,107.96,117.81,No
CUST00129,Male,0,14,Yes,DSL,86.73,1238.0,No
CUST00130,Female,1,36,Yes,Fiber optic,27.78,645.97,Yes
CUST00131,Female,0,69,No,Fiber optic,85.27,5573.45,No
CUST00132,Female,0,5,No,Fiber optic,73.82,340.4,Yes
CUST00133,Female,0,12,No,DSL,69.04,946.92,No
CUST00134,Female,0,68,Yes,No,82.1,6029.42,No
CUST00135,Male,0,10,No,DSL,83.42,841.17,No
CUST00136,Female,0,6,Yes,Fiber optic,106.14,581.14,No
CUST00137,Female,1,66,No,DSL,33.34,2477.8,No
CUST00138,Female,1,0,No,No,73.68,,No
CUST00139,Female,0,35,No,Fiber optic,56.03,1968.38,No
CUST00140,Male,0,6,Yes,Fiber optic,74.57,423.86,Yes
CUST00141,Female,0,19,No,DSL,36.37,,No
CUST00142,Male,0,6,No,Fiber optic,103.0,562.5,Yes
CUST00143,Male,0,67,No,DSL,66.52,3804.41,No
CUST00144,Female,0,39,No,DSL,44.72,1923.8,No
CUST00145,Male,0,53,Yes,DSL,68.8,3886.26,No
CUST00146,Male,0,39,No,Fiber optic,28.56,1497.16,No
CUST00147,Female,0,32,Yes,DSL,20.54,,No
CUST00148,Male,0,3,Yes,DSL,67.74,201.67,No
CUST00149,Male,0,38,Yes,Fiber optic,25.29,604.96,No
CUST00150,Male,0,61,Yes,Fiber optic,89.6,,Yes
CUST00151,Female,0,40,Yes,Fiber optic,66.07,2991.64,Yes
CUST00152,Female,0,46,Yes,DSL,23.72,1304.51,No
CUST00153,Female,0,46,No,Fiber optic,69.4,3402.83,Yes
CUST00154,Male,0,58,Yes,No,46.88,2151.1,No
CUST00155,Female,0,7,Yes,DSL,93.3,722.3,No
CUST00156,Male,0,30,No,No,56.1,1697.85,No
CUST00157,Male,1,1,No,DSL,89.55,79.74,Yes
CUST00158,Male,0,7,No,Fiber optic,92.86,653.22,Yes
CUST00159,Female,0,60,No,No,59.72,3832.72,No
CUST00160,Male,1,41,Yes,DSL,72.92,3014.57,No
CUST00161,Female,0,60,No,No,89.61,,No
CUST00162,Male,0,64,No,Fiber optic,45.1,,No
CUST00163,Male,0,0,Yes,DSL,94.87,,Yes
CUST00164,Female,0,41,No,Fiber optic,64.52,2538.1,No
CUST00165,Male,0,10,Yes,No,92.92,857.3,No
CUST00166,Male,0,63,No,Fiber optic,42.36,3197.33,No
CUST00167,Male,0,38,Yes,No,49.66,1565.04,No
CUST00168,Female,1,39,No,Fiber optic,42.56,1381.73,No
CUST00169,Male,1,18,No,DSL,72.65,1353.32,No
CUST00170,Male,0,0,No,Fiber optic,95.32,,Yes
CUST00171,Male,1,65,Yes,Fiber optic,73.41,4352.3,Yes
CUST00172,Male,0,5,No,Fiber optic,98.11,469.92,No
CUST00173,Female,0,51,Yes,No,94.86,4682.27,No
CUST00174,Male,0,31,No,Fiber optic,99.11,2783.24,Yes
CUST00175,Male,0,58,No,Fiber optic,61.17,3744.91,No
CUST00176,Male,0,0,Yes,DSL,107.6,,Yes
CUST00177,Male,0,25,Yes,DSL,81.05,2025.53,No
CUST00178,Female,0,29,No,No,22.87,,No
CUST00179,Male,0,0,No,No,69.4,,No
CUST00180,Female,0,72,Yes,DSL,24.88,2458.77,No
CUST00181,Female,0,49,Yes,Fiber optic,86.77,4474.91,No
CUST00182,Female,0,12,Yes,DSL,59.67,821.41,No
CUST00183,Male,1,9,Yes,Fiber optic,97.36,867.67,No
CUST00184,Male,0,40,No,DSL,27.29,1486.34,No
CUST00185,Male,1,43,Yes,Fiber optic,54.66,2579.25,No
CUST00186,Female,0,69,No,Fiber optic,61.95,4846.41,No
CUST00187,Male,0,8,No,Fiber optic,83.38,689.98,Yes
CUST00188,Female,0,61,No,No,61.38,3648.42,No
CUST00189,Male,0,56,No,DSL,73.69,,No
CUST00190,Male,1,5,No,Fiber optic,75.66,389.38,Yes
CUST00191,Female,0,67,Yes,DSL,71.78,5254.37,No
CUST00192,Male,0,20,Yes,DSL,84.34,1532.37,No
CUST00193,Male,1,59,Yes,DSL,65.25,3429.99,No
CUST00194,Female,0,12,Yes,DSL,51.01,612.01,No
CUST00195,Male,0,39,No,DSL,50.7,1673.83,No
CUST00196,Male,0,24,Yes,No,65.92,1804.0,No
CUST00197,Male,1,0,No,No,62.17,,No
CUST00198,Male,1,45,Yes,Fiber optic,43.37,1895.02,No
CUST00199,Female,0,3,No,No,80.21,238.46,Yes
CUST00200,Female,0,7,Yes,Fiber optic,64.96,512.62,No
CUST00201,Male,1,9,No,Fiber optic,102.06,984.22,Yes
CUST00202,Female,0,5,Yes,DSL,85.49,474.49,No
CUST00203,Female,0,0,No,DSL,107.38,,Yes
CUST00204,Female,0,58,No,No,90.63,5570.9,No
CUST00205,Female,0,33,No,No,29.79,1180.54,No
CUST00206,Male,0,2,No,Fiber optic,81.44,158.03,Yes
CUST00207,Male,0,25,No,DSL,61.7,1317.65,No
CUST00208,Female,1,3,Yes,Fiber optic,96.56,273.64,Yes
CUST00209,Male,0,10,Yes,Fiber optic,103.11,1109.77,Yes
CUST00210,Male,0,53,Yes,DSL,75.94,3498.23,No
CUST00211,Female,0,29,Yes,Fiber optic,52.08,1442.91,Yes
CUST00212,Male,0,59,No,No,79.59,4145.81,No
CUST00213,Male,0,56,Yes,DSL,27.7,2040.7,No
CUST00214,Female,0,28,No,DSL,81.88,2098.94,No
CUST00215,Female,0,58,Yes,DSL,66.58,3297.97,No
CUST00216,Male,1,14,Yes,Fiber optic,37.09,462.0,No
CUST00217,Male,0,21,No,No,52.53,1151.83,No
CUST00218,Female,1,30,No,Fiber optic,75.38,2363.17,No
CUST00219,Female,0,0,No,Fiber optic,91.28,,No
CUST00220,Male,0,0,Yes,Fiber optic,97.24,,Yes
CUST00221,Male,0,12,Yes,DSL,51.08,574.49,No
CUST00222,Male,0,1,No,DSL,80.76,89.98,No
CUST00223,Female,0,38,No,Fiber optic,81.52,2753.39,No
CUST00224,Male,0,4,Yes,No,75.05,299.32,Yes
CUST00225,Male,0,5,No,DSL,61.66,297.71,No
CUST00226,Male,0,43,Yes,DSL,58.39,2933.74,No
CUST00227,Male,0,8,No,DSL,106.77,905.25,Yes
CUST00228,Male,0,29,No,Fiber optic,81.34,2094.29,No
CUST00229,Female,0,0,Yes,Fiber optic,81.62,,Yes
CUST00230,Male,0,53,No,DSL,76.54,4520.56,No
CUST00231,Male,0,57,No,Fiber optic,36.75,2583.14,No
CUST00232,Female,1,34,Yes,Fiber optic,44.31,1759.27,Yes
CUST00233,Female,1,72,No,Fiber optic,36.48,2731.03,Yes
CUST00234,Male,1,9,No,No,78.97,657.24,Yes
CUST00235,Female,1,6,Yes,DSL,75.36,438.86,No
CUST00236,Female,0,3,No,Fiber optic,67.74,177.21,Yes
CUST00237,Female,0,66,No,No,60.19,3730.7,No
CUST00238,Male,0,12,No,DSL,47.71,502.8,No
CUST00239,Male,0,44,No,Fiber optic,44.59,1952.84,No
CUST00240,Female,0,0,No,Fiber optic,93.85,,No
CUST00241,Male,0,60,Yes,DSL,37.99,2562.13,No
CUST00242,Female,0,2,No,Fiber optic,88.58,,Yes
CUST00243,Female,1,15,No,No,42.42,678.76,No
CUST00244,Male,0,1,No,Fiber optic,71.31,74.51,No
CUST00245,Male,0,3,Yes,No,98.51,295.57,Yes
CUST00246,Male,0,1,No,DSL,73.97,,Yes
CUST00247,Male,0,47,No,Fiber optic,51.21,2368.29,No
CUST00248,Male,0,6,Yes,Fiber optic,98.16,584.28,Yes
CUST00249,Female,0,32,No,DSL,25.1,868.35,No
CUST00250,Male,1,54,Yes,DSL,63.64,3495.6,No
CUST00251,Male,0,1,Yes,Fiber optic,82.19,91.05,No
CUST00252,Male,1,37,Yes,DSL,96.76,3499.74,No
CUST00253,Male,0,4,No,Fiber optic,69.72,259.58,No
CUST00254,Male,0,62,No,Fiber optic,67.36,4302.2,No
CUST00255,Female,0,62,No,DSL,61.72,4322.45,No
CUST00256,Female,0,12,Yes,DSL,83.18,1081.43,No
CUST00257,Male,0,5,No,Fiber optic,68.44,322.33,Yes
CUST00258,Female,0,30,No,No,60.06,,No
CUST00259,Male,0,19,Yes,DSL,65.48,1129.96,No
CUST00260,Male,0,8,No,Fiber optic,100.32,762.18,No
CUST00261,Female,0,24,Yes,No,34.01,1036.78,No
CUST00262,Male,0,57,Yes,No,52.37,,No
CUST00263,Male,0,61,Yes,Fiber optic,31.45,2208.66,No
CUST00264,Female,0,24,No,No,71.57,1547.83,No
CUST00265,Female,1,3,Yes,DSL,75.01,,No
CUST00266,Female,0,34,Yes,Fiber optic,37.03,1143.83,Yes
CUST00267,Female,1,5,No,DSL,84.56,429.03,No
CUST00268,Male,0,52,Yes,DSL,55.58,2985.91,No
CUST00269,Male,0,33,Yes,Fiber optic,39.07,1439.75,Yes
CUST00270,Female,1,52,Yes,Fiber optic,52.61,2794.48,Yes
CUST00271,Female,0,7,No,No,105.25,736.51,No
CUST00272,Female,0,3,Yes,Fiber optic,63.07,173.44,Yes
CUST00273,Female,0,8,Yes,DSL,76.42,651.16,Yes
CUST00274,Female,0,35,No,Fiber optic,80.18,3004.7,Yes
CUST00275,Male,1,0,No,DSL,103.59,,Yes
CUST00276,Male,0,62,Yes,No,87.48,5232.99,No
CUST00277,Female,0,12,No,DSL,55.65,709.91,No
CUST00278,Male,0,32,Yes,Fiber optic,33.42,771.26,No
CUST00279,Female,0,68,No,No,90.97,6279.3,No
CUST00280,Female,0,5,Yes,DSL,68.95,372.74,No
CUST00281,Male,0,9,Yes,Fiber optic,84.8,782.95,Yes
CUST00282,Female,0,6,Yes,DSL,69.59,366.13,No
CUST00283,Female,0,29,No,Fiber optic,80.2,2360.85,Yes
CUST00284,Male,0,11,No,No,81.9,795.54,Yes
CUST00285,Female,0,56,Yes,DSL,90.21,4551.9,No
CUST00286,Female,0,6,Yes,DSL,93.92,534.22,No
CUST00287,Female,0,4,Yes,DSL,61.25,207.25,No
CUST00288,Female,1,16,Yes,DSL,32.91,626.32,No
CUST00289,Female,1,8,No,DSL,66.89,594.71,No
CUST00290,Male,0,2,Yes,DSL,89.3,166.14,Yes
CUST00291,Male,0,11,Yes,DSL,73.57,702.96,Yes
CUST00292,Male,0,68,No,DSL,38.82,3136.34,No
CUST00293,Female,0,49,No,DSL,92.26,4497.41,No
CUST00294,Female,0,5,No,DSL,68.82,314.4,No
CUST00295,Male,0,3,Yes,DSL,97.96,,No
CUST00296,Female,1,3,No,No,86.13,,Yes
CUST00297,Female,1,1,No,Fiber optic,76.38,83.33,Yes
CUST00298,Female,0,22,Yes,Fiber optic,57.24,1314.98,Yes
CUST00299,Male,0,3,No,DSL,66.61,185.53,No
CUST00300,Female,0,25,Yes,No,99.56,2463.64,No
CUST00301,Female,0,65,Yes,Fiber optic,57.63,3801.78,No
CUST00302,Female,0,47,Yes,Fiber optic,42.17,2227.49,Yes
CUST00303,Male,0,48,No,No,75.27,3513.14,No
CUST00304,Male,0,38,No,DSL,80.49,,No
CUST00305,Male,0,10,Yes,Fiber optic,84.51,754.58,Yes
CUST00306,Female,0,2,Yes,Fiber optic,109.54,229.23,No
CUST00307,Male,0,39,Yes,Fiber optic,87.73,3537.77,No
CUST00308,Male,0,29,Yes,DSL,23.43,904.5,No
CUST00309,Male,1,7,Yes,Fiber optic,94.89,683.71,No
CUST00310,Male,1,20,No,DSL,55.6,1245.26,No
CUST00311,Female,1,2,Yes,Fiber optic,104.45,218.16,No
CUST00312,Female,0,5,No,Fiber optic,107.5,498.0,No
CUST00313,Male,1,3,Yes,DSL,98.11,307.71,No
CUST00314,Female,0,43,No,No,24.58,965.18,No
CUST00315,Male,1,45,Yes,Fiber optic,81.11,3517.47,Yes
CUST00316,Male,1,46,No,DSL,60.12,2973.7,No
CUST00317,Female,0,68,Yes,DSL,69.97,4602.57,No
CUST00318,Male,1,59,No,DSL,51.17,2646.93,No
CUST00319,Female,0,24,Yes,DSL,77.3,2085.29,No
CUST00320,Female,0,59,No,DSL,54.47,2849.55,No
CUST00321,Male,1,58,Yes,Fiber optic,67.54,3791.81,Yes
CUST00322,Male,0,4,No,DSL,75.37,282.54,No
CUST00323,Male,0,1,No,Fiber optic,101.55,,Yes
CUST00324,Female,0,23,No,DSL,28.03,769.51,No
CUST00325,Female,0,23,No,DSL,69.9,1573.28,No
CUST00326,Female,0,64,Yes,DSL,97.02,6592.75,No
CUST00327,Female,0,66,Yes,DSL,75.54,5284.4,No
CUST00328,Male,1,45,Yes,Fiber optic,90.24,4343.09,No
CUST00329,Male,0,5,No,Fiber optic,83.05,369.56,Yes
CUST00330,Female,0,12,Yes,DSL,26.8,421.0,No
CUST00331,Female,1,66,Yes,Fiber optic,52.29,3541.71,No
CUST00332,Female,0,56,Yes,DSL,68.92,4260.69,No
CUST00333,Male,1,11,No,DSL,95.92,1098.27,Yes
CUST00334,Female,0,26,No,DSL,44.44,1034.89,No
CUST00335,Female,1,51,No,DSL,41.72,1673.89,No
CUST00336,Female,0,42,No,Fiber optic,84.73,3541.61,Yes
CUST00337,Male,0,52,Yes,No,58.61,3170.6,No
CUST00338,Female,0,8,Yes,DSL,85.81,684.78,Yes
CUST00339,Female,0,12,Yes,Fiber optic,79.33,1019.3,Yes
CUST00340,Male,1,66,Yes,Fiber optic,92.88,5880.76,No
CUST00341,Female,0,27,No,DSL,22.28,525.4,No
CUST00342,Male,0,7,No,Fiber optic,90.53,661.31,Yes
CUST00343,Male,0,41,No,DSL,49.07,2324.57,No
CUST00344,Male,0,17,Yes,No,58.06,1013.0,No
CUST00345,Female,0,25,Yes,Fiber optic,93.08,2395.32,No
CUST00346,Male,1,72,No,Fiber optic,98.86,7382.19,Yes
CUST00347,Female,1,46,No,Fiber optic,61.78,3133.57,No
CUST00348,Male,0,28,No,No,64.65,,No
CUST00349,Female,0,6,No,Fiber optic,82.49,453.29,Yes
CUST00350,Male,0,63,Yes,Fiber optic,32.13,2484.62,No
CUST00351,Female,0,9,No,DSL,60.75,511.96,No
CUST00352,Male,1,57,No,Fiber optic,21.86,1133.77,Yes
CUST00353,Female,0,47,No,DSL,27.73,1017.53,No
CUST00354,Female,0,18,Yes,Fiber optic,71.55,1179.68,No
CUST00355,Female,0,0,No,Fiber optic,95.89,,No
CUST00356,Male,1,18,Yes,DSL,45.07,873.5,No
CUST00357,Female,1,8,Yes,DSL,78.9,598.82,No
CUST00358,Female,1,8,Yes,No,75.07,553.1,Yes
CUST00359,Female,0,2,No,Fiber optic,61.71,126.34,Yes
CUST00360,Female,0,1,No,Fiber optic,109.72,99.77,Yes
CUST00361,Female,0,67,Yes,Fiber optic,46.78,2899.6,No
CUST00362,Female,0,1,No,No,85.39,92.26,No
CUST00363,Female,0,62,Yes,Fiber optic,23.36,1056.06,No
CUST00364,Male,0,5,No,DSL,99.17,485.81,Yes
CUST00365,Male,0,9,Yes,DSL,72.03,725.59,Yes
CUST00366,Male,0,28,No,DSL,30.33,1023.06,No
CUST00367,Female,0,63,Yes,DSL,55.94,,No
CUST00368,Male,1,6,No,DSL,76.31,475.25,No
CUST00369,Female,0,20,Yes,Fiber optic,82.88,1730.38,No
CUST00370,Female,0,72,No,DSL,58.98,4743.79,No
CUST00371,Female,0,45,Yes,Fiber optic,47.72,1870.7,No
CUST00372,Male,0,1,Yes,DSL,92.78,87.89,No
CUST00373,Female,0,52,Yes,No,24.05,769.33,No
CUST00374,Male,0,12,No,DSL,63.31,708.33,No
CUST00375,Female,1,3,No,Fiber optic,80.37,237.71,No
CUST00376,Male,0,4,Yes,DSL,81.49,292.43,Yes
CUST00377,Male,1,47,No,DSL,92.68,4282.18,No
CUST00378,Male,0,43,Yes,No,86.62,3515.71,No
CUST00379,Male,1,1,Yes,DSL,89.32,92.14,Yes
CUST00380,Female,0,2,Yes,DSL,101.7,219.91,No
CUST00381,Male,1,16,Yes,DSL,51.0,755.38,No
CUST00382,Female,0,0,No,DSL,80.17,,No
CUST00383,Male,0,69,Yes,No,48.07,2882.99,No
CUST00384,Female,0,7,Yes,DSL,101.86,732.4,No
CUST00385,Male,1,4,No,DSL,68.08,258.5,No
CUST00386,Male,0,31,No,DSL,39.32,1061.04,No
CUST00387,Female,0,21,No,Fiber optic,34.54,743.77,No
CUST00388,Male,0,46,Yes,Fiber optic,95.42,4552.58,No
CUST00389,Male,0,45,No,DSL,53.88,2096.69,No
CUST00390,Male,0,10,Yes,Fiber optic,88.19,807.55,Yes
CUST00391,Female,0,39,Yes,Fiber optic,93.18,3332.16,No
CUST00392,Male,0,5,Yes,DSL,101.79,532.73,No
CUST00393,Male,1,8,Yes,DSL,96.26,,Yes
CUST00394,Female,1,28,Yes,No,46.85,1167.33,No
CUST00395,Male,1,24,No,Fiber optic,25.07,397.62,No
CUST00396,Male,0,60,Yes,DSL,42.96,,No
CUST00397,Female,0,7,Yes,Fiber optic,84.63,540.23,No
CUST00398,Female,1,62,Yes,DSL,58.69,3166.61,No
CUST00399,Male,0,72,No,Fiber optic,93.06,6208.29,No
CUST00400,Male,1,16,No,Fiber optic,78.07,1135.34,No
CUST00401,Male,0,15,No,Fiber optic,74.74,1057.07,No
CUST00402,Female,0,34,No,DSL,92.83,2860.73,No
CUST00403,Male,0,33,No,DSL,79.76,2552.06,No
CUST00404,Female,0,62,Yes,Fiber optic,76.42,4713.7,No
CUST00405,Female,0,32,Yes,Fiber optic,41.83,1641.67,No
CUST00406,Male,0,19,Yes,DSL,77.95,1666.51,No
CUST00407,Female,0,0,Yes,DSL,63.73,,No
CUST00408,Male,0,9,No,Fiber optic,100.19,953.41,Yes
CUST00409,Male,1,30,No,DSL,99.93,3152.31,Yes
CUST00410,Female,0,14,Yes,Fiber optic,38.31,519.6,No
CUST00411,Male,0,21,No,DSL,81.95,1840.04,No
CUST00412,Male,1,35,No,DSL,62.06,1887.75,No
CUST00413,Female,0,8,No,No,63.52,502.4,No
CUST00414,Female,1,50,Yes,Fiber optic,81.78,4354.49,Yes
CUST00415,Male,0,10,Yes,No,60.09,646.26,No
CUST00416,Male,0,53,Yes,Fiber optic,47.37,2880.18,No
CUST00417,Female,0,40,Yes,DSL,96.63,3555.36,No
CUST00418,Male,0,40,Yes,Fiber optic,67.1,2867.6,Yes
CUST00419,Female,0,52,Yes,DSL,74.97,3643.26,No
CUST00420,Female,0,9,Yes,DSL,85.67,844.86,Yes
CUST00421,Male,0,54,No,Fiber optic,92.98,5401.39,No
CUST00422,Male,0,17,No,DSL,77.08,1420.64,No
CUST00423,Male,0,19,Yes,No,45.37,1022.88,No
CUST00424,Female,1,46,No,No,98.92,4536.91,No
CUST00425,Female,0,23,No,DSL,72.96,1664.72,No
CUST00426,Female,0,8,No,Fiber optic,108.04,841.97,No
CUST00427,Male,0,4,No,No,109.46,422.46,No
CUST00428,Male,0,0,No,DSL,79.6,,Yes
CUST00429,Female,0,19,Yes,Fiber optic,28.76,611.25,No
CUST00430,Male,0,70,No,Fiber optic,52.16,,Yes
CUST00431,Female,0,19,No,DSL,74.12,1422.45,No
CUST00432,Female,0,67,No,No,73.71,4890.57,No
CUST00433,Male,0,4,No,Fiber optic,60.09,228.77,No
CUST00434,Female,0,39,Yes,DSL,32.62,1176.17,No
CUST00435,Male,0,18,Yes,No,60.35,1051.61,No
CUST00436,Male,0,12,No,Fiber optic,43.12,617.04,No
CUST00437,Male,0,19,Yes,DSL,63.15,1048.3,No
CUST00438,Female,0,65,Yes,Fiber optic,25.91,1427.68,Yes
CUST00439,Male,0,5,Yes,Fiber optic,104.62,476.62,Yes
CUST00440,Female,0,18,Yes,No,89.64,1672.76,No
CUST00441,Female,0,4,Yes,No,85.97,310.96,No
CUST00442,Male,1,13,Yes,Fiber optic,93.79,1268.64,No
CUST00443,Female,0,2,Yes,No,85.89,172.29,Yes
CUST00444,Female,0,43,No,No,27.8,1504.8,No
CUST00445,Male,0,4,Yes,No,77.54,303.81,Yes
CUST00446,Female,0,10,Yes,DSL,79.74,838.28,Yes
CUST00447,Female,0,7,No,DSL,96.87,630.06,No
CUST00448,Male,1,36,No,DSL,57.79,1961.01,No
CUST00449,Male,0,1,Yes,DSL,79.56,86.52,Yes
CUST00450,Male,0,46,No,No,62.93,3011.3,No
CUST00451,Female,0,66,Yes,DSL,85.18,5735.12,No
CUST00452,Female,0,56,No,No,71.82,4072.69,No
CUST00453,Male,0,12,Yes,DSL,51.98,516.06,No
CUST00454,Female,0,11,No,No,77.04,807.59,Yes
CUST00455,Male,0,8,No,DSL,102.22,887.53,No
CUST00456,Female,0,0,No,DSL,109.97,,Yes
CUST00457,Male,0,11,Yes,No,97.13,964.85,No
CUST00458,Male,0,63,Yes,Fiber optic,97.5,6292.92,No
CUST00459,Female,1,50,Yes,Fiber optic,28.47,1096.72,Yes
CUST00460,Female,0,6,No,Fiber optic,78.54,502.47,No
CUST00461,Male,1,52,No,DSL,27.37,1219.12,No
CUST00462,Female,0,12,No,Fiber optic,34.43,462.06,Yes
CUST00463,Male,0,7,Yes,DSL,92.24,641.41,Yes
CUST00464,Female,0,34,Yes,DSL,94.62,3497.8,No
CUST00465,Female,1,9,No,Fiber optic,102.9,,No
CUST00466,Male,0,3,Yes,No,69.81,216.45,No
CUST00467,Female,0,12,Yes,DSL,81.68,1095.01,No
CUST00468,Male,0,41,Yes,DSL,45.59,2195.74,No
CUST00469,Female,0,7,Yes,DSL,81.35,550.7,Yes
CUST00470,Male,0,5,No,Fiber optic,101.2,463.57,No
CUST00471,Male,0,3,Yes,No,100.13,273.07,No
CUST00472,Female,0,72,No,Fiber optic,79.6,6425.02,No
CUST00473,Female,0,51,No,Fiber optic,68.43,3622.41,Yes
CUST00474,Female,0,41,Yes,DSL,51.29,1713.19,No
CUST00475,Male,0,31,No,Fiber optic,74.84,2034.4,Yes
CUST00476,Male,1,0,Yes,DSL,108.7,,Yes
CUST00477,Female,0,65,No,Fiber optic,81.02,4741.0,No
CUST00478,Female,0,19,No,DSL,71.04,1354.96,No
CUST00479,Male,0,11,No,Fiber optic,105.77,1122.21,Yes
CUST00480,Female,0,25,No,Fiber optic,70.87,1525.36,Yes
CUST00481,Male,0,36,No,DSL,44.78,1262.4,No
CUST00482,Female,0,13,No,DSL,82.38,,No
CUST00483,Male,0,56,Yes,DSL,54.67,3475.99,No
CUST00484,Female,0,35,Yes,No,23.66,916.34,No
CUST00485,Male,1,8,No,Fiber optic,66.27,540.64,Yes
CUST00486,Female,0,28,Yes,No,66.21,1651.5,No
CUST00487,Male,0,51,No,DSL,37.03,,No
CUST00488,Male,0,0,No,Fiber optic,106.09,,Yes
CUST00489,Female,0,37,Yes,Fiber optic,66.63,2600.57,No
CUST00490,Female,0,54,No,No,69.02,4116.77,No
CUST00491,Male,0,25,No,Fiber optic,54.63,1513.68,Yes
CUST00492,Male,0,3,Yes,DSL,101.95,312.32,Yes
CUST00493,Female,0,6,No,DSL,77.54,467.0,No
CUST00494,Male,0,18,No,No,45.81,984.26,No
CUST00495,Female,0,4,No,Fiber optic,88.08,340.06,No
CUST00496,Female,0,6,Yes,Fiber optic,108.92,712.6,No
CUST00497,Male,0,3,No,No,65.1,207.88,No
CUST00498,Female,0,2,Yes,Fiber optic,91.94,192.75,No
CUST00499,Female,0,8,Yes,Fiber optic,87.5,709.63,Yes
CUST00500,Female,0,5,No,Fiber optic,85.08,383.99,Yes
CUST00501,Male,0,9,Yes,No,72.51,626.57,Yes
CUST00502,Male,0,5,No,Fiber optic,74.16,383.43,Yes
CUST00503,Male,0,32,No,Fiber optic,73.03,2205.58,Yes
CUST00504,Male,0,32,Yes,Fiber optic,34.04,1097.95,No
CUST00505,Female,0,61,No,Fiber optic,27.84,1396.77,Yes
CUST00506,Male,0,39,No,DSL,74.15,2993.85,No
CUST00507,Female,0,12,Yes,No,63.85,831.09,No
CUST00508,Female,0,10,Yes,DSL,84.77,897.47,Yes
CUST00509,Male,0,3,Yes,Fiber optic,68.9,217.14,No
CUST00510,Male,0,56,No,No,86.13,5198.07,No
CUST00511,Male,0,4,No,DSL,103.51,439.36,Yes
CUST00512,Female,0,11,Yes,DSL,82.9,845.54,No
CUST00513,Male,0,6,No,Fiber optic,62.48,411.14,Yes
CUST00514,Male,0,63,Yes,No,28.28,2270.57,No
CUST00515,Male,0,11,Yes,DSL,109.59,1195.24,Yes
CUST00516,Female,0,21,No,DSL,39.14,777.43,No
CUST00517,Female,0,33,Yes,No,49.21,1297.25,No
CUST00518,Female,0,12,Yes,DSL,96.79,1239.5,No
CUST00519,Male,1,44,No,DSL,68.04,2891.36,No
CUST00520,Male,1,3,No,DSL,85.27,233.09,Yes
CUST00521,Female,0,24,Yes,DSL,51.74,1037.92,No
CUST00522,Male,0,43,Yes,No,25.81,941.8,No
CUST00523,Female,0,14,No,Fiber optic,89.04,1363.62,No
CUST00524,Male,0,6,No,DSL,72.27,439.04,No
CUST00525,Male,0,66,Yes,DSL,56.59,3600.95,No
CUST00526,Male,0,58,Yes,DSL,93.98,5147.61,No
CUST00527,Female,0,68,No,Fiber optic,67.25,5092.28,No
CUST00528,Male,0,14,No,DSL,46.34,689.17,No
CUST00529,Female,0,45,No,No,88.25,3901.13,No
CUST00530,Male,0,58,Yes,No,59.36,3431.08,No
CUST00531,Male,0,24,No,Fiber optic,22.61,606.45,No
CUST00532,Female,0,14,No,DSL,33.55,512.07,No
CUST00533,Female,0,20,No,DSL,30.36,416.8,No
CUST00534,Female,0,1,No,No,61.63,61.84,No
CUST00535,Male,0,10,Yes,DSL,61.27,673.61,No
CUST00536,Male,0,16,No,No,75.68,1059.4,No
CUST00537,Female,0,32,Yes,DSL,44.73,1739.33,No
CUST00538,Female,0,4,Yes,Fiber optic,84.91,375.01,Yes
CUST00539,Male,1,52,Yes,Fiber optic,58.5,2902.41,No
CUST00540,Female,0,8,Yes,DSL,94.5,781.41,No
CUST00541,Male,1,25,Yes,Fiber optic,27.45,819.78,No
CUST00542,Male,0,12,No,Fiber optic,79.17,842.84,No
CUST00543,Female,1,12,Yes,Fiber optic,96.46,1107.78,No
CUST00544,Female,0,1,No,No,98.89,105.01,Yes
CUST00545,Female,0,5,Yes,DSL,94.41,460.75,Yes
CUST00546,Female,0,37,Yes,Fiber optic,98.32,3323.96,Yes
CUST00547,Female,0,27,Yes,Fiber optic,71.21,1937.67,No
CUST00548,Female,0,34,No,No,72.38,2641.79,No
CUST00549,Female,0,12,Yes,No,48.33,542.88,No
CUST00550,Female,0,36,No,No,82.6,2645.78,No
CUST00551,Male,0,71,No,Fiber optic,34.4,2731.98,No
CUST00552,Female,0,0,Yes,Fiber optic,63.15,,No
CUST00553,Male,0,51,Yes,Fiber optic,38.53,1558.54,Yes
CUST00554,Female,0,3,No,DSL,89.44,272.21,No
CUST00555,Male,0,20,No,No,57.18,1216.93,No
CUST00556,Female,1,62,No,Fiber optic,98.72,5540.76,Yes
CUST00557,Female,0,5,No,DSL,96.86,492.54,No
CUST00558,Male,0,40,No,No,74.85,3244.45,No
CUST00559,Male,0,3,No,Fiber optic,79.58,222.16,No
CUST00560,Male,0,62,Yes,Fiber optic,33.64,2462.29,No
CUST00561,Male,0,8,No,DSL,67.82,575.72,No
CUST00562,Female,0,19,Yes,No,53.07,,No
CUST00563,Female,0,3,No,DSL,66.48,,No
CUST00564,Male,0,9,No,Fiber optic,86.45,850.44,Yes
CUST00565,Female,0,8,No,No,61.37,560.04,No
CUST00566,Male,0,33,Yes,No,34.65,1425.06,No
CUST00567,Male,0,41,No,No,62.6,,No
CUST00568,Female,0,4,No,Fiber optic,85.42,347.46,Yes
CUST00569,Female,1,59,Yes,DSL,73.93,4452.25,No
CUST00570,Female,0,31,Yes,DSL,67.99,1963.03,No
CUST00571,Male,1,2,Yes,DSL,94.4,185.24,No
CUST00572,Female,0,4,No,Fiber optic,100.31,403.04,No
CUST00573,Female,0,41,No,Fiber optic,66.77,3076.32,No
CUST00574,Male,0,9,Yes,DSL,73.49,703.32,Yes
CUST00575,Male,0,8,Yes,No,61.99,510.41,No
CUST00576,Male,0,6,Yes,DSL,87.23,493.35,Yes
CUST00577,Male,0,51,Yes,Fiber optic,56.38,3265.29,No
CUST00578,Male,0,23,No,DSL,76.74,1591.79,No
CUST00579,Female,0,7,Yes,DSL,96.94,715.59,Yes
CUST00580,Male,1,10,No,Fiber optic,72.31,703.87,Yes
CUST00581,Male,0,22,Yes,DSL,65.51,1378.92,No
CUST00582,Female,0,15,No,Fiber optic,89.64,1463.96,No
CUST00583,Female,0,66,Yes,DSL,85.5,6046.71,No
CUST00584,Female,1,43,No,Fiber optic,32.84,1011.99,Yes
CUST00585,Female,0,12,Yes,Fiber optic,69.41,904.62,No
CUST00586,Female,0,10,No,DSL,93.86,1028.54,Yes
CUST00587,Female,0,9,No,Fiber optic,102.39,924.45,Yes
CUST00588,Female,0,5,No,Fiber optic,72.45,370.36,No
CUST00589,Female,1,3,Yes,Fiber optic,64.0,175.53,Yes
CUST00590,Female,1,38,No,DSL,60.44,2499.56,Yes
CUST00591,Male,0,11,No,DSL,85.0,852.56,Yes
CUST00592,Female,0,61,Yes,Fiber optic,26.2,2043.52,No
CUST00593,Female,1,26,Yes,Fiber optic,43.98,,No
CUST00594,Male,0,17,Yes,No,88.95,1506.99,No
CUST00595,Female,0,17,Yes,Fiber optic,72.18,1349.8,No
CUST00596,Male,1,48,Yes,Fiber optic,89.41,4243.31,No
CUST00597,Female,0,53,Yes,Fiber optic,65.13,3099.45,No
CUST00598,Male,0,27,Yes,Fiber optic,25.9,629.43,Yes
CUST00599,Female,1,61,Yes,Fiber optic,34.75,2312.68,No
CUST00600,Female,0,58,Yes,Fiber optic,28.63,2101.65,Yes
CUST00601,Male,0,4,No,DSL,106.91,465.33,Yes
CUST00602,Female,0,61,No,DSL,92.76,5763.99,No
CUST00603,Male,0,22,Yes,Fiber optic,70.59,1605.44,Yes
CUST00604,Male,0,39,Yes,DSL,43.53,1947.06,No
CUST00605,Male,0,32,Yes,Fiber optic,99.02,3293.56,Yes
CUST00606,Male,0,10,Yes,DSL,63.09,624.99,No
CUST00607,Male,0,55,No,Fiber optic,65.33,3435.15,No
CUST00608,Female,0,66,No,Fiber optic,81.81,4990.38,Yes
CUST00609,Male,0,8,Yes,DSL,77.46,580.76,No
CUST00610,Female,0,64,No,Fiber optic,33.67,1742.36,No
CUST00611,Male,0,41,No,Fiber optic,51.39,2298.64,No
CUST00612,Male,0,45,No,No,43.11,2006.74,No
CUST00613,Male,0,3,No,Fiber optic,67.43,197.3,Yes
CUST00614,Female,1,11,No,Fiber optic,103.37,1236.09,No
CUST00615,Female,0,1,Yes,Fiber optic,60.01,53.91,Yes
CUST00616,Male,0,3,Yes,Fiber optic,102.24,315.7,Yes
CUST00617,Male,0,28,No,No,70.67,1802.84,No
CUST00618,Male,0,62,No,Fiber optic,51.43,3208.4,No
CUST00619,Male,0,5,No,DSL,60.9,353.46,No
CUST00620,Female,0,64,No,DSL,80.03,5040.57,No
CUST00621,Female,0,13,No,No,99.1,1300.85,No
CUST00622,Female,0,26,Yes,Fiber optic,36.87,1110.83,No
CUST00623,Female,1,70,No,DSL,47.63,3254.23,No
CUST00624,Male,0,34,Yes,DSL,41.23,1320.91,No
CUST00625,Female,1,4,Yes,DSL,96.31,351.74,No
CUST00626,Male,0,51,No,DSL,46.3,2455.58,No
CUST00627,Female,0,41,No,Fiber optic,82.2,3251.01,No
CUST00628,Male,0,11,No,Fiber optic,82.1,880.11,Yes
CUST00629,Female,0,12,Yes,No,42.95,606.81,No
CUST00630,Male,1,42,Yes,No,50.56,1877.98,No
CUST00631,Male,0,6,Yes,No,65.83,384.07,No
CUST00632,Male,0,31,No,Fiber optic,68.07,1803.56,No
CUST00633,Female,1,47,Yes,No,41.87,2259.39,Yes
CUST00634,Male,0,7,No,DSL,103.24,742.22,No
CUST00635,Male,0,1,No,DSL,89.56,89.25,Yes
CUST00636,Female,0,12,No,DSL,64.85,688.98,No
CUST00637,Female,0,2,No,DSL,76.63,164.68,Yes
CUST00638,Male,0,0,No,No,67.77,,No
CUST00639,Female,1,7,Yes,Fiber optic,76.97,494.44,No
CUST00640,Male,0,58,No,DSL,24.24,1862.4,No
CUST00641,Female,1,45,No,DSL,79.7,3326.94,No
CUST00642,Male,0,8,Yes,Fiber optic,88.77,686.04,Yes
CUST00643,Female,0,21,Yes,Fiber optic,78.05,1465.59,No
CUST00644,Female,0,22,Yes,Fiber optic,47.18,1076.8,No
CUST00645,Male,0,43,No,Fiber optic,41.77,1728.15,No
CUST00646,Male,0,0,Yes,Fiber optic,92.06,,Yes
CUST00647,Female,0,71,Yes,No,71.98,4510.28,No
CUST00648,Female,0,55,Yes,Fiber optic,95.69,5011.71,Yes
CUST00649,Female,0,2,No,DSL,96.27,195.9,Yes
CUST00650,Male,0,33,No,No,65.93,2387.46,No
CUST00651,Male,0,72,Yes,Fiber optic,93.31,6157.37,No
CUST00652,Male,0,10,No,DSL,71.25,624.76,No
CUST00653,Male,0,18,Yes,No,92.84,1749.8,No
CUST00654,Male,0,39,No,DSL,71.98,3154.52,No
CUST00655,Female,1,2,No,DSL,63.5,133.99,No
CUST00656,Female,0,21,Yes,DSL,31.04,825.18,No
CUST00657,Male,0,12,No,DSL,72.48,883.36,No
CUST00658,Female,0,31,Yes,DSL,20.6,,No
CUST00659,Male,1,26,Yes,Fiber optic,24.44,412.67,No
CUST00660,Female,0,2,No,DSL,95.3,188.71,Yes
CUST00661,Female,0,9,Yes,Fiber optic,98.46,844.52,Yes
CUST00662,Male,0,41,No,DSL,44.39,2086.73,No
CUST00663,Female,0,71,No,Fiber optic,60.11,4643.72,No
CUST00664,Male,0,3,No,DSL,102.36,296.86,No
CUST00665,Female,0,26,Yes,No,24.56,808.4,No
CUST00666,Male,0,4,No,Fiber optic,93.71,382.75,No
CUST00667,Female,0,38,No,DSL,29.03,1069.3,No
CUST00668,Male,1,3,Yes,DSL,94.58,312.45,No
CUST00669,Male,0,26,No,Fiber optic,45.67,1265.34,Yes
CUST00670,Female,0,29,Yes,DSL,43.42,1013.07,No
CUST00671,Male,0,1,Yes,No,107.18,100.02,Yes
CUST00672,Female,0,4,Yes,DSL,72.72,,No
CUST00673,Male,0,6,Yes,Fiber optic,60.09,347.71,Yes
CUST00674,Female,1,48,Yes,Fiber optic,42.81,2125.11,No
CUST00675,Female,0,67,No,DSL,64.33,3918.93,No
CUST00676,Male,0,14,No,DSL,92.86,1426.59,No
CUST00677,Male,0,0,No,Fiber optic,68.33,,Yes
CUST00678,Male,0,8,No,No,88.17,745.12,Yes
CUST00679,Female,0,11,Yes,DSL,85.71,1033.71,No
CUST00680,Female,0,4,Yes,Fiber optic,74.17,303.6,No
CUST00681,Male,0,6,Yes,DSL,61.4,,No
CUST00682,Male,1,6,Yes,Fiber optic,62.84,321.82,No
CUST00683,Female,0,28,Yes,No,53.92,1549.84,No
CUST00684,Female,1,9,No,DSL,91.17,752.38,Yes
CUST00685,Female,0,45,No,DSL,93.68,3770.39,No
CUST00686,Male,0,0,Yes,DSL,84.61,,Yes
CUST00687,Female,0,17,Yes,DSL,30.8,425.53,No
CUST00688,Male,0,38,Yes,DSL,59.56,1967.63,No
CUST00689,Male,0,10,Yes,DSL,108.87,1093.47,Yes
CUST00690,Male,1,6,No,Fiber optic,60.49,318.29,Yes
CUST00691,Female,0,43,No,Fiber optic,30.36,1160.7,No
CUST00692,Male,1,54,No,DSL,42.87,1953.9,No
CUST00693,Male,0,52,Yes,Fiber optic,79.48,3690.95,Yes
CUST00694,Male,0,51,Yes,No,62.22,3309.51,No
CUST00695,Female,0,12,No,DSL,46.32,657.45,No
CUST00696,Female,0,62,Yes,Fiber optic,71.63,4474.86,Yes
CUST00697,Male,0,13,No,Fiber optic,79.73,1143.73,Yes
CUST00698,Male,0,49,Yes,Fiber optic,22.66,1456.88,No
CUST00699,Female,0,26,No,Fiber optic,27.25,564.92,No
CUST00700,Female,0,6,No,DSL,81.94,548.06,Yes
CUST00701,Male,0,29,Yes,No,80.1,2138.45,No
CUST00702,Male,0,2,Yes,DSL,105.48,191.44,Yes
CUST00703,Female,0,1,No,Fiber optic,100.86,96.89,Yes
CUST00704,Female,0,8,No,DSL,106.18,818.23,Yes
CUST00705,Female,0,2,No,No,65.37,119.66,No
CUST00706,Male,0,60,No,No,72.39,4722.35,No
CUST00707,Male,0,32,No,DSL,90.23,2636.84,No
CUST00708,Female,0,7,No,Fiber optic,72.45,440.89,Yes
CUST00709,Male,0,5,No,DSL,99.93,508.26,No
CUST00710,Female,0,12,No,No,94.62,1140.26,No
CUST00711,Male,0,30,Yes,No,58.27,2017.53,No
CUST00712,Male,0,1,Yes,Fiber optic,109.77,118.4,Yes
CUST00713,Male,0,11,Yes,DSL,96.96,1085.61,Yes
CUST00714,Female,0,11,No,DSL,76.87,829.08,Yes
CUST00715,Male,0,9,No,DSL,64.59,541.88,No
CUST00716,Male,0,8,No,Fiber optic,69.31,574.79,No
CUST00717,Male,0,63,No,Fiber optic,66.89,3882.41,Yes
CUST00718,Female,0,12,Yes,DSL,50.25,497.09,No
CUST00719,Female,0,19,No,Fiber optic,69.93,1256.32,No
CUST00720,Female,0,1,No,No,75.55,76.93,No
CUST00721,Female,1,0,Yes,Fiber optic,105.11,,No
CUST00722,Male,0,2,No,Fiber optic,101.32,203.13,Yes
CUST00723,Male,0,62,No,DSL,52.46,3599.82,No
CUST00724,Female,0,24,Yes,DSL,85.39,2237.54,No
CUST00725,Male,0,7,No,DSL,79.06,585.21,No
CUST00726,Female,1,28,No,DSL,20.24,421.86,No
CUST00727,Male,1,48,No,DSL,68.49,3645.95,No
CUST00728,Male,0,25,Yes,Fiber optic,72.3,1706.2,No
CUST00729,Female,0,58,No,Fiber optic,48.32,2678.21,No
CUST00730,Female,0,1,Yes,Fiber optic,105.2,97.98,Yes
CUST00731,Male,0,0,No,Fiber optic,76.23,,No
CUST00732,Male,0,46,Yes,Fiber optic,55.68,2465.27,No
CUST00733,Female,0,46,Yes,DSL,76.58,3867.75,No
CUST00734,Male,0,8,No,Fiber optic,109.57,898.63,No
CUST00735,Female,0,5,Yes,DSL,66.01,368.32,No
CUST00736,Male,0,29,No,Fiber optic,40.65,978.99,Yes
CUST00737,Male,0,6,Yes,No,86.78,521.14,Yes
CUST00738,Female,0,66,Yes,Fiber optic,97.88,6509.79,Yes
CUST00739,Male,0,20,No,Fiber optic,46.28,1023.18,No
CUST00740,Male,1,20,No,Fiber optic,28.65,692.97,Yes
CUST00741,Female,1,47,Yes,No,69.07,2953.03,No
CUST00742,Female,0,39,Yes,DSL,77.34,3334.78,No
CUST00743,Male,0,17,No,Fiber optic,83.32,1570.33,No
CUST00744,Male,0,45,No,Fiber optic,74.08,3619.39,No
CUST00745,Male,0,25,No,No,90.32,2177.54,No
CUST00746,Female,0,5,Yes,DSL,75.14,349.01,No
CUST00747,Male,1,24,Yes,DSL,74.64,1858.26,No
CUST00748,Female,0,22,Yes,Fiber optic,86.27,1902.21,Yes
CUST00749,Female,0,6,Yes,DSL,92.75,565.92,Yes
CUST00750,Female,1,29,No,Fiber optic,61.89,2055.71,Yes
CUST00751,Female,0,18,No,DSL,87.4,,No
CUST00752,Male,0,4,Yes,Fiber optic,85.17,364.25,Yes
CUST00753,Female,0,10,No,DSL,93.43,850.72,No
CUST00754,Male,0,9,Yes,DSL,77.9,728.57,Yes
CUST00755,Male,0,22,Yes,DSL,96.41,2063.2,No
CUST00756,Female,0,10,No,Fiber optic,94.81,907.05,Yes
CUST00757,Female,0,47,Yes,DSL,47.69,1979.96,No
CUST00758,Male,0,50,No,DSL,25.27,807.75,No
CUST00759,Male,0,18,Yes,Fiber optic,61.53,1124.75,No
CUST00760,Female,0,66,Yes,DSL,77.37,5604.89,No
CUST00761,Female,0,34,Yes,Fiber optic,34.25,983.16,No
CUST00762,Female,0,13,No,Fiber optic,37.42,506.15,No
CUST00763,Male,0,35,No,DSL,24.85,708.08,No
CUST00764,Female,0,6,Yes,DSL,71.66,428.89,Yes
CUST00765,Male,0,2,Yes,Fiber optic,67.64,150.58,No
CUST00766,Male,0,12,No,Fiber optic,85.04,1086.53,No
CUST00767,Female,0,10,No,DSL,90.49,887.04,Yes
CUST00768,Female,0,21,No,DSL,71.36,1470.0,No
CUST00769,Male,0,21,No,DSL,29.44,647.02,No
CUST00770,Female,0,36,No,DSL,73.04,2953.94,No
CUST00771,Female,0,1,Yes,DSL,92.4,97.25,Yes
CUST00772,Male,0,53,Yes,No,60.56,3528.72,No
CUST00773,Male,0,30,No,Fiber optic,95.49,2775.39,No
CUST00774,Female,0,45,No,DSL,21.76,1174.5,No
CUST00775,Male,1,5,Yes,DSL,66.97,342.13,No
CUST00776,Male,0,4,No,DSL,88.78,338.95,Yes
CUST00777,Female,0,12,Yes,No,25.38,417.09,No
CUST00778,Female,1,10,No,DSL,89.27,844.13,Yes
CUST00779,Female,0,26,Yes,Fiber optic,44.48,940.35,No
CUST00780,Male,0,11,Yes,DSL,97.46,991.97,No
CUST00781,Female,1,63,No,Fiber optic,23.04,1106.86,No
CUST00782,Male,0,0,Yes,DSL,88.69,,No
CUST00783,Female,0,9,No,No,98.29,961.75,No
CUST00784,Male,0,66,No,Fiber optic,77.97,4834.96,No
CUST00785,Male,0,27,Yes,Fiber optic,74.15,2053.9,No
CUST00786,Female,0,20,No,DSL,37.13,560.44,No
CUST00787,Male,1,44,Yes,DSL,54.43,2198.1,No
CUST00788,Female,1,52,No,Fiber optic,98.05,5304.59,No
CUST00789,Female,0,20,No,No,79.8,1766.76,No
CUST00790,Female,0,70,No,DSL,42.1,2666.49,No
CUST00791,Female,1,49,No,DSL,87.28,4184.67,No
CUST00792,Female,0,22,Yes,Fiber optic,45.74,1064.54,Yes
CUST00793,Female,0,1,Yes,Fiber optic,64.35,58.67,No
CUST00794,Male,1,0,Yes,DSL,89.01,,Yes
CUST00795,Female,1,40,Yes,Fiber optic,57.95,2579.47,Yes
CUST00796,Female,0,6,Yes,Fiber optic,80.9,543.31,Yes
CUST00797,Female,0,38,No,Fiber optic,25.03,1232.81,Yes
CUST00798,Male,0,13,No,DSL,46.75,703.92,No
CUST00799,Female,0,8,No,DSL,65.96,553.15,No
CUST00800,Male,0,71,No,Fiber optic,90.01,6176.64,Yes
CUST00801,Male,1,58,No,No,97.58,6176.06,No
CUST00802,Male,0,63,Yes,DSL,43.48,2211.86,No
CUST00803,Female,0,67,Yes,Fiber optic,45.23,2364.64,No
CUST00804,Male,0,36,No,DSL,43.74,,No
CUST00805,Male,0,53,No,DSL,64.14,2884.19,No
CUST00806,Male,0,6,Yes,Fiber optic,92.72,516.16,No
CUST00807,Female,1,24,No,Fiber optic,40.86,1091.96,Yes
CUST00808,Female,0,11,Yes,Fiber optic,105.01,1082.1,Yes
CUST00809,Female,0,66,No,DSL,43.07,3233.26,No
CUST00810,Male,1,9,No,DSL,66.64,541.28,No
CUST00811,Male,1,31,No,No,98.5,3204.61,No
CUST00812,Male,0,38,Yes,DSL,37.44,1663.09,No
CUST00813,Male,0,72,No,DSL,66.53,4999.05,No
CUST00814,Female,0,47,Yes,DSL,35.28,1436.0,No
CUST00815,Female,1,9,No,DSL,72.5,,No
CUST00816,Female,0,0,Yes,No,70.97,,No
CUST00817,Male,0,26,No,DSL,67.78,1905.66,No
CUST00818,Female,0,21,Yes,DSL,46.33,1083.95,No
CUST00819,Female,0,31,Yes,Fiber optic,70.82,1991.06,No
CUST00820,Female,0,13,Yes,Fiber optic,27.17,229.21,No
CUST00821,Male,1,65,Yes,DSL,71.75,4629.79,No
CUST00822,Male,1,43,Yes,Fiber optic,96.58,4306.54,No
CUST00823,Male,0,28,No,Fiber optic,97.76,2910.58,No
CUST00824,Female,0,27,Yes,Fiber optic,22.16,625.68,Yes
CUST00825,Male,1,7,No,Fiber optic,82.69,577.63,Yes
CUST00826,Male,0,1,No,Fiber optic,69.47,59.73,Yes
CUST00827,Female,0,24,No,No,24.96,828.43,No
CUST00828,Male,0,25,No,No,68.55,1948.71,No
CUST00829,Female,0,0,Yes,DSL,62.12,,No
CUST00830,Female,0,51,Yes,DSL,76.26,3663.15,No
CUST00831,Female,1,70,No,Fiber optic,57.65,3543.17,Yes
CUST00832,Female,0,61,Yes,Fiber optic,36.96,2296.18,No
CUST00833,Male,0,31,No,DSL,47.83,1282.04,No
CUST00834,Female,0,9,Yes,DSL,84.36,774.57,No
CUST00835,Male,1,1,No,Fiber optic,64.84,74.23,No
CUST00836,Female,0,23,Yes,DSL,91.05,2120.22,No
CUST00837,Male,1,63,No,No,78.08,4722.79,Yes
CUST00838,Female,0,22,No,Fiber optic,30.35,596.4,Yes
CUST00839,Female,1,71,No,No,91.72,7209.32,No
CUST00840,Male,0,10,No,DSL,65.61,730.44,No
CUST00841,Male,1,0,Yes,No,95.07,,Yes
CUST00842,Male,0,3,Yes,Fiber optic,73.72,205.27,No
CUST00843,Female,0,6,No,DSL,72.95,448.68,No
CUST00844,Female,0,4,No,DSL,93.09,375.73,Yes
CUST00845,Male,0,6,No,DSL,82.52,491.39,No
CUST00846,Female,0,39,Yes,DSL,61.91,2551.33,No
CUST00847,Female,1,21,No,Fiber optic,74.96,1454.47,No
CUST00848,Male,0,11,Yes,DSL,61.35,625.0,No
CUST00849,Female,0,47,Yes,Fiber optic,77.36,3210.83,Yes
CUST00850,Female,0,68,No,Fiber optic,20.59,2036.33,No
CUST00851,Male,0,36,Yes,Fiber optic,27.98,1160.22,No
CUST00852,Female,0,11,No,Fiber optic,91.05,1038.21,Yes
CUST00853,Male,0,55,No,Fiber optic,43.52,2322.51,No
CUST00854,Male,1,34,Yes,DSL,73.91,2307.38,No
CUST00855,Male,1,50,No,Fiber optic,64.01,2725.69,Yes
CUST00856,Female,0,40,Yes,DSL,22.14,1269.5,No
CUST00857,Male,0,6,No,No,79.6,458.79,No
CUST00858,Female,0,22,Yes,Fiber optic,76.76,1535.02,No
CUST00859,Male,1,24,No,Fiber optic,77.25,2058.06,Yes
CUST00860,Female,0,44,No,No,79.77,3433.21,No
CUST00861,Female,1,62,No,No,60.38,3351.97,Yes
CUST00862,Female,0,57,No,No,38.88,2224.2,No
CUST00863,Male,1,57,Yes,DSL,88.85,5305.55,No
CUST00864,Male,0,56,No,Fiber optic,24.53,1889.09,No
CUST00865,Male,0,8,No,No,76.38,636.24,No
CUST00866,Female,0,5,No,DSL,69.36,320.88,No
CUST00867,Female,0,48,No,Fiber optic,87.91,4120.22,Yes
CUST00868,Male,0,43,Yes,DSL,76.17,3500.08,No
CUST00869,Male,0,5,No,DSL,81.65,434.9,Yes
CUST00870,Male,0,0,Yes,No,68.07,,No
CUST00871,Female,0,44,Yes,DSL,66.91,2599.52,No
CUST00872,Female,0,6,No,No,90.51,588.85,No
CUST00873,Female,0,2,No,DSL,93.76,173.49,Yes
CUST00874,Female,0,60,No,Fiber optic,55.67,2990.77,No
CUST00875,Female,0,23,No,Fiber optic,23.63,401.33,No
CUST00876,Male,0,3,Yes,Fiber optic,70.47,183.56,No
CUST00877,Female,1,15,No,DSL,94.11,1383.05,No
CUST00878,Female,0,25,Yes,No,35.63,,No
CUST00879,Male,0,43,Yes,No,45.95,1829.16,No
CUST00880,Female,0,38,No,No,40.78,1792.77,No
CUST00881,Male,1,71,No,No,28.09,2413.77,No
CUST00882,Female,1,17,No,Fiber optic,61.02,1181.15,No
CUST00883,Male,0,2,Yes,Fiber optic,60.87,114.38,No
CUST00884,Male,0,16,Yes,DSL,29.38,356.74,No
CUST00885,Female,0,21,Yes,DSL,37.6,702.92,No
CUST00886,Female,0,38,Yes,No,73.14,2775.46,No
CUST00887,Female,0,25,No,DSL,34.13,900.18,No
CUST00888,Male,0,3,No,No,67.6,184.09,No
CUST00889,Male,0,62,Yes,DSL,44.09,2735.73,No
CUST00890,Male,0,12,Yes,Fiber optic,49.98,647.41,Yes
CUST00891,Male,0,5,No,Fiber optic,98.73,515.49,Yes
CUST00892,Male,0,10,Yes,DSL,66.06,,No
CUST00893,Male,0,41,Yes,Fiber optic,39.11,1278.97,Yes
CUST00894,Male,0,29,Yes,Fiber optic,26.46,685.22,Yes
CUST00895,Female,0,68,Yes,Fiber optic,83.35,6294.41,Yes
CUST00896,Female,1,39,Yes,Fiber optic,57.43,2341.87,No
CUST00897,Female,1,36,No,DSL,23.22,795.63,No
CUST00898,Female,0,12,No,Fiber optic,57.86,732.25,No
CUST00899,Female,0,2,No,No,107.27,208.01,Yes
CUST00900,Female,0,8,No,No,65.12,600.41,No
CUST00901,Male,0,22,No,DSL,50.61,1009.45,No
CUST00902,Male,0,31,Yes,Fiber optic,31.87,1267.76,Yes
CUST00903,Female,0,39,Yes,No,53.47,1909.33,No
CUST00904,Female,0,38,No,No,82.72,3346.78,No
CUST00905,Female,0,6,No,Fiber optic,79.52,476.62,Yes
CUST00906,Male,0,7,Yes,DSL,63.15,470.69,No
CUST00907,Female,0,42,Yes,No,32.96,1421.97,No
CUST00908,Male,0,70,Yes,No,30.5,2365.35,No
CUST00909,Female,0,12,Yes,No,42.35,531.94,No
CUST00910,Female,1,12,Yes,No,96.43,1142.83,No
CUST00911,Male,1,6,No,No,69.02,409.6,Yes
CUST00912,Female,0,4,No,DSL,106.11,438.97,Yes
CUST00913,Female,1,22,No,Fiber optic,89.88,1805.63,Yes
CUST00914,Male,0,1,Yes,Fiber optic,104.37,100.58,No
CUST00915,Male,0,6,No,Fiber optic,100.76,648.44,Yes
CUST00916,Female,1,1,Yes,Fiber optic,90.62,92.73,Yes
CUST00917,Male,0,14,Yes,DSL,38.03,393.62,No
CUST00918,Female,1,1,No,Fiber optic,77.26,68.89,Yes
CUST00919,Female,0,3,No,DSL,64.05,213.92,No
CUST00920,Male,0,52,No,DSL,36.97,1784.44,No
CUST00921,Female,1,2,No,DSL,73.63,137.59,Yes
CUST00922,Female,0,1,Yes,DSL,64.23,59.53,No
CUST00923,Female,0,1,Yes,Fiber optic,95.4,92.51,Yes
CUST00924,Male,0,5,No,Fiber optic,103.39,,No
CUST00925,Female,0,40,Yes,DSL,73.49,3053.6,No
CUST00926,Female,0,8,No,No,76.21,673.75,Yes
CUST00927,Male,1,67,Yes,No,48.99,3116.66,No
CUST00928,Male,0,2,No,DSL,70.68,150.9,No
CUST00929,Female,0,40,No,No,99.23,3656.7,No
CUST00930,Male,1,5,No,DSL,95.94,480.18,Yes
CUST00931,Male,0,57,No,DSL,43.48,2603.22,No
CUST00932,Female,0,10,No,DSL,105.28,967.17,Yes
CUST00933,Male,0,48,Yes,DSL,28.49,,No
CUST00934,Female,1,37,Yes,No,96.78,3691.59,Yes
CUST00935,Female,1,48,Yes,No,52.7,2405.71,No
CUST00936,Male,0,12,Yes,DSL,56.38,,No
CUST00937,Male,1,10,No,DSL,69.81,651.28,No
CUST00938,Female,0,49,Yes,No,73.66,3227.84,No
CUST00939,Female,0,25,No,No,76.18,2107.2,No
CUST00940,Female,0,51,No,Fiber optic,97.39,5307.75,Yes
CUST00941,Female,0,23,Yes,Fiber optic,85.54,2096.39,No
CUST00942,Male,1,57,No,Fiber optic,91.43,5771.05,Yes
CUST00943,Female,0,32,No,Fiber optic,43.66,1209.45,Yes
CUST00944,Male,0,2,No,DSL,63.11,137.17,No
CUST00945,Female,0,57,Yes,Fiber optic,90.48,5228.04,Yes
CUST00946,Female,0,37,Yes,No,82.34,3177.65,No
CUST00947,Female,0,18,No,Fiber optic,91.94,1594.28,No
CUST00948,Female,1,4,No,No,94.91,401.29,Yes
CUST00949,Female,1,3,No,DSL,69.28,196.87,Yes
CUST00950,Female,1,4,Yes,Fiber optic,74.79,317.85,No
CUST00951,Female,0,35,No,Fiber optic,25.53,,No
CUST00952,Male,0,27,Yes,DSL,99.18,2882.64,No
CUST00953,Female,1,12,Yes,Fiber optic,29.37,466.38,No
CUST00954,Male,0,8,No,Fiber optic,69.22,515.57,Yes
CUST00955,Male,1,5,No,No,77.01,355.33,No
CUST00956,Male,1,13,Yes,DSL,53.36,595.35,No
CUST00957,Female,0,39,No,No,91.84,3963.72,No
CUST00958,Female,0,2,No,Fiber optic,75.12,,No
CUST00959,Male,0,6,Yes,DSL,81.98,,No
CUST00960,Male,0,8,Yes,Fiber optic,101.84,882.05,No
CUST00961,Male,0,39,No,Fiber optic,95.33,3352.12,No
CUST00962,Male,1,26,No,Fiber optic,37.28,817.23,Yes
CUST00963,Female,0,26,No,DSL,85.12,2024.42,No
CUST00964,Female,0,9,Yes,Fiber optic,110.0,1056.1,No
CUST00965,Female,0,64,Yes,DSL,73.39,5150.68,No
CUST00966,Female,1,30,No,DSL,98.41,2891.13,No
CUST00967,Female,0,51,Yes,DSL,66.29,3072.2,No
CUST00968,Male,0,4,No,No,101.22,371.1,Yes
CUST00969,Female,0,0,No,DSL,90.19,,No
CUST00970,Female,1,44,Yes,Fiber optic,26.23,874.82,No
CUST00971,Male,0,2,No,DSL,80.12,152.48,No
CUST00972,Female,1,2,No,Fiber optic,82.5,171.39,Yes
CUST00973,Female,0,1,No,Fiber optic,109.8,101.81,Yes
CUST00974,Male,0,41,No,Fiber optic,44.8,1591.52,Yes
CUST00975,Male,0,7,No,DSL,81.25,545.17,Yes
CUST00976,Male,0,2,Yes,DSL,88.52,195.77,No
CUST00977,Male,0,0,No,Fiber optic,92.87,,Yes
CUST00978,Female,1,35,Yes,DSL,98.33,3268.63,No
CUST00979,Female,0,7,No,Fiber optic,70.94,503.26,Yes
CUST00980,Male,0,58,Yes,Fiber optic,84.25,4759.9,No
CUST00981,Male,0,50,No,DSL,59.35,3254.53,No
CUST00982,Female,0,57,Yes,Fiber optic,70.01,4062.06,Yes
CUST00983,Male,0,15,Yes,DSL,44.06,598.33,No
CUST00984,Female,0,36,Yes,DSL,36.03,1591.75,No
CUST00985,Female,0,7,Yes,Fiber optic,92.1,708.02,Yes
CUST00986,Male,0,14,No,DSL,97.57,1339.7,No
CUST00987,Male,0,7,Yes,Fiber optic,101.96,661.38,Yes
CUST00988,Male,1,12,No,DSL,77.86,1002.07,No
CUST00989,Male,0,6,No,DSL,108.55,608.75,Yes
CUST00990,Female,1,1,No,No,63.86,71.61,No
CUST00991,Female,0,11,No,No,78.75,,Yes
CUST00992,Male,0,59,Yes,Fiber optic,96.12,6253.82,No
CUST00993,Male,1,46,Yes,Fiber optic,36.95,1872.88,Yes
CUST00994,Female,0,50,Yes,DSL,76.02,4099.87,No
CUST00995,Male,0,51,No,No,70.98,3685.46,No
CUST00996,Female,0,64,Yes,DSL,95.91,5815.11,No
CUST00997,Male,0,35,No,DSL,36.73,1400.52,No
CUST00998,Male,0,4,No,Fiber optic,100.61,419.24,Yes
CUST00999,Female,0,5,Yes,DSL,73.32,365.98,Yes
CUST01000,Male,0,42,Yes,DSL,39.49,1752.18,No
